{
  "version": "3.0.0",
  "model_name": "HealthRiskANN_v3",
  "architecture": "24\u2192512\u2192256\u2192128+skip\u219264\u219232\u21923",
  "input_features": [
    "age",
    "gender",
    "height",
    "weight",
    "bmi",
    "wnh",
    "ap_hi",
    "ap_lo",
    "cholesterol",
    "gluc",
    "smoke",
    "alco",
    "active",
    "pulse_pressure",
    "map",
    "hypertension",
    "stage2_htn",
    "age_chol",
    "age_bmi",
    "age_map",
    "map_chol",
    "pp_age",
    "ap_hi_chol",
    "bmi_chol"
  ],
  "output_labels": [
    "heart_attack",
    "obesity",
    "diabetes"
  ],
  "input_dim": 24,
  "output_dim": 3,
  "scaler": {
    "mean": [
      53.276287041448896,
      1.3490066104565404,
      164.40085225720685,
      74.08216688213682,
      27.457368306669228,
      0.45044329435443536,
      126.61593793819314,
      81.28656238049278,
      1.3640485859450404,
      1.2257571066960464,
      0.08731994245442791,
      0.05341176042102963,
      0.8032706280844244,
      45.32937555770036,
      96.39635498449512,
      0.8155627993371333,
      0.26744122521078795,
      73.37016153174926,
      1466.3361248446852,
      5149.953621584067,
      132.89272200278214,
      2428.424999151823,
      174.88161273286835,
      38.06182719764462
    ],
    "scale": [
      6.75325352901551,
      0.47665605662173316,
      7.985911282762982,
      14.30480458199429,
      5.3598405061384025,
      0.08380885224348814,
      16.623822287078703,
      9.422900031590855,
      0.6792434836860652,
      0.5721215104766579,
      0.282303329955709,
      0.2248531615737569,
      0.397526006873996,
      11.610381928215672,
      11.016142829562101,
      0.3878403275506363,
      0.4426244641548326,
      40.03680730717662,
      356.866081447452,
      955.170533182208,
      72.46322686060945,
      746.4222814053473,
      97.14672489308815,
      22.493043334064723
    ]
  },
  "thresholds": {
    "heart_attack": 0.5,
    "obesity": 0.5,
    "diabetes": 0.5
  },
  "risk_levels": {
    "low": [
      0,
      0.35
    ],
    "moderate": [
      0.35,
      0.65
    ],
    "high": [
      0.65,
      1.0
    ]
  },
  "performance": {
    "heart_attack_accuracy": 0.7312062937062938,
    "heart_attack_auc": 0.8011005976907496,
    "obesity_accuracy": 0.9966491841491841,
    "obesity_auc": 0.9999497715253912,
    "diabetes_accuracy": 1.0,
    "diabetes_auc": 1.0,
    "mean_accuracy": 0.9092851592851593
  }
}